<?xml version="1.0" encoding="UTF-8"?>
<project-private xmlns="http://www.netbeans.org/ns/project-private/1">
    <editor-bookmarks xmlns="http://www.netbeans.org/ns/editor-bookmarks/1"/>
    <editor-bookmarks xmlns="http://www.netbeans.org/ns/editor-bookmarks/2" lastBookmarkId="0"/>
    <open-files xmlns="http://www.netbeans.org/ns/projectui-open-files/2">
        <group>
            <file>file:/C:/Users/User/Documents/NetBeansProjects/SimuladorTiroParabolico/src/General/Estudiante.java</file>
            <file>file:/C:/Users/User/Documents/NetBeansProjects/SimuladorTiroParabolico/src/General/VentanaPrincipal.java</file>
            <file>file:/C:/Users/User/Documents/NetBeansProjects/SimuladorTiroParabolico/src/General/PanelInicio.java</file>
            <file>file:/C:/Users/User/Documents/NetBeansProjects/SimuladorTiroParabolico/src/General/RegistroAlumno.java</file>
            <file>file:/C:/Users/User/Documents/NetBeansProjects/SimuladorTiroParabolico/src/General/Animacion2.java</file>
            <file>file:/C:/Users/User/Documents/NetBeansProjects/SimuladorTiroParabolico/src/General/Fondo.java</file>
            <file>file:/C:/Users/User/Documents/NetBeansProjects/SimuladorTiroParabolico/src/General/Animacion1.java</file>
        </group>
    </open-files>
</project-private>
