<?xml version="1.0" encoding="UTF-8"?>
<project-private xmlns="http://www.netbeans.org/ns/project-private/1">
    <editor-bookmarks xmlns="http://www.netbeans.org/ns/editor-bookmarks/2" lastBookmarkId="0"/>
    <open-files xmlns="http://www.netbeans.org/ns/projectui-open-files/2">
        <group>
            <file>file:/C:/Users/User/Documents/NetBeansProjects/BasketBallShoots/src/Juego/Ball.java</file>
            <file>file:/C:/Users/User/Documents/NetBeansProjects/BasketBallShoots/src/Juego/Datos.java</file>
            <file>file:/C:/Users/User/Documents/NetBeansProjects/BasketBallShoots/src/Juego/frame.java</file>
            <file>file:/C:/Users/User/Documents/NetBeansProjects/BasketBallShoots/src/Juego/panel.java</file>
            <file>file:/C:/Users/User/Documents/NetBeansProjects/BasketBallShoots/src/Juego/Jugador.java</file>
            <file>file:/C:/Users/User/Documents/NetBeansProjects/BasketBallShoots/src/Juego/Cesta.java</file>
        </group>
    </open-files>
</project-private>
